high,0,low,1900,Volume,temp,humid,solar,temp_day,year,month,day
3501,2555,2375,3381,2984.416667,15.18,83.25,10.1175,12.42,2016,4,1
3480,2304,2179,3337,2956.208333,10.94,75.125,6.2575,15.18,2016,4,4
3747,2551,2380,3559,3190.5,13.74,60,20.755,10.94,2016,4,5
3392,2634,2440,3319,2996.583333,12.89,87.875,2.36,13.74,2016,4,6
3788,2512,2344,3498,3171.875,15.88,66.75,16.1475,12.89,2016,4,7
3340,2557,2389,3240,2958.666667,11.27,49,22.45,15.88,2016,4,8
3634,2238,2149,3556,2998.916667,9.88,46.125,24.9875,11.27,2016,4,11
3617,2702,2526,3543,3137.25,13.87,70.5,9.21,9.88,2016,4,12
3588,2606,2439,3401,3101.083333,15.6,84.875,12.4225,13.87,2016,4,13
3554,2574,2429,3373,3068.666667,15.92,37.125,26.3925,15.6,2016,4,14
3367,2562,2403,3304,2961.333333,17.9,59.625,15.685,15.92,2016,4,15
3413,2280,2177,3274,2889.416667,15.93,55.125,24.37,17.9,2016,4,18
3351,2443,2311,3235,2911.916667,14.22,55.875,24.615,15.93,2016,4,19
3349,2469,2329,3293,2932.25,15.31,74.875,7.9825,14.22,2016,4,20
3484,2517,2380,3357,3019.458333,17.08,76.5,21.005,15.31,2016,4,21
3434,2528,2389,3257,2985.416667,17.37,56,21.125,17.08,2016,4,22
3375,2252,2163,3272,2889.041667,18.75,64.25,25.045,17.37,2016,4,25
3467,2536,2407,3350,3028.416667,17.13,74.375,10.4675,18.75,2016,4,26
3437,2530,2387,3308,3005.083333,14.49,93.25,4.295,17.13,2016,4,27
3491,2510,2376,3248,3013.833333,17.75,75.125,9.3,14.49,2016,4,28
3433,2226,2123,3237,2898.083333,18.71,86.25,14.73,17.75,2016,5,9
3545,2434,2294,3316,3016.708333,20.17,83.25,7.9825,18.71,2016,5,10
3632,2491,2338,3333,3050.708333,20.71,59.875,29.03,20.17,2016,5,11
3625,2487,2311,3373,3049.791667,20.33,65.875,27.565,20.71,2016,5,12
3663,2497,2336,3353,3074.291667,18.48,71.75,8.645,20.33,2016,5,13
3443,2276,2164,3298,2943.625,17.86,89.25,5.05,18.48,2016,5,16
3603,2483,2338,3301,3055.958333,19.24,52.5,29.8975,17.86,2016,5,17
3524,2475,2307,3290,3009.625,19.09,52.5,26.9575,19.24,2016,5,18
3522,2460,2307,3281,2997.375,16.98,62.75,17.1925,19.09,2016,5,19
3418,2467,2326,3235,2957.333333,22.98,48.375,26.805,16.98,2016,5,20
3882,2247,2141,3496,3104.875,23.14,51.375,22.5675,22.98,2016,5,23
4018,2607,2437,3481,3262,21.88,68.5,8.755,23.14,2016,5,24
3779,2608,2442,3425,3174.666667,22.83,73.875,20.665,21.88,2016,5,25
3847,2559,2402,3462,3192.416667,20.07,82.125,9.81,22.83,2016,5,26
3655,2541,2390,3228,3043.041667,17.54,82.375,9.23,20.07,2016,5,27
3467,2256,2159,3227,2896.5,20.47,77.125,24.11,17.54,2016,5,30
3522,2355,2244,3287,2966.5,21.12,54.75,26.5875,20.47,2016,5,31
3458,2478,2351,3230,2951.041667,19.78,39.375,30.195,21.12,2016,6,1
3399,2398,2277,3217,2929.333333,18.89,50.75,28.7425,19.78,2016,6,2
3407,2402,2292,3185,2925.583333,19.88,72,16.255,18.89,2016,6,3
3512,2189,2092,3229,2903.25,19.55,80.5,6.7575,19.88,2016,6,6
3502,2444,2316,3298,3002.958333,22,71.875,22.03,19.55,2016,6,7
3613,2465,2335,3347,3064.125,21.67,86.375,9.16,22,2016,6,8
3642,2492,2362,3430,3106.458333,23.88,67,25.93,21.67,2016,6,9
3801,2527,2373,3379,3151.833333,20.02,90.25,5.82,23.88,2016,6,10
3639,2347,2224,3287,3014.583333,22.18,72,19.775,20.02,2016,6,13
3663,2454,2298,3385,3073.291667,20.45,81.625,10.01,22.18,2016,6,14
3570,2476,2320,3311,3035.875,21.36,85.625,5.975,20.45,2016,6,15
3681,2501,2331,3375,3093.75,24.24,75,23.2025,21.36,2016,6,16
3974,2513,2327,3627,3245.833333,24.33,76.125,22.6025,24.24,2016,6,17
4158,2376,2245,3850,3319.333333,22.95,80.75,10.42,24.33,2016,6,20
3932,2721,2445,3666,3288.875,22.41,85.5,5.885,22.95,2016,6,21
3888,2621,2377,3556,3215.333333,23.18,84.875,11.1925,22.41,2016,6,22
3951,2558,2336,3701,3251.208333,22.4,82.125,7.91,23.18,2016,6,23
3803,2576,2337,3518,3169.375,23.98,64.75,25.315,22.4,2016,6,24
4045,2399,2196,3641,3228.166667,19.52,89.25,5.825,23.98,2016,6,27
3643,2659,2384,3451,3116.916667,21.41,84.625,8.7675,19.52,2016,6,28
3706,2536,2315,3499,3119.291667,23.02,84.375,12.1675,21.41,2016,6,29
3823,2539,2325,3610,3162.875,25.75,76.75,22.7075,23.02,2016,6,30
4252,2600,2339,3824,3359.25,27.31,73,19.575,25.75,2016,7,1
4838,2840,2488,4185,3742.166667,21.84,81.25,8.5925,27.31,2016,7,4
3925,2907,2526,3548,3258.875,23.05,80.625,14.8625,21.84,2016,7,5
3955,2578,2356,3795,3255.208333,26.75,72.125,25.9825,23.05,2016,7,6
4814,2748,2455,4040,3668.791667,24.72,79,11.4525,26.75,2016,7,7
4219,2802,2482,3869,3443.291667,27.36,67.625,27.24,24.72,2016,7,8
4707,2620,2353,4189,3648.5,26.6,73.5,22.74,27.36,2016,7,11
4604,2892,2523,4156,3668.458333,25.28,87.375,6.3775,26.6,2016,7,12
4317,2922,2574,4053,3578.583333,26.2,81.125,18.7375,25.28,2016,7,13
4773,2895,2586,4011,3703.958333,22.89,86,8.5225,26.2,2016,7,14
4058,2793,2462,3552,3308.958333,27.64,70.5,22.4125,22.89,2016,7,15
4735,2835,2495,4342,3748.666667,26.02,74.625,21.5525,27.64,2016,7,19
4467,2985,2585,4063,3611.833333,22.61,86,7.43,26.02,2016,7,20
3948,2802,2471,3649,3285.25,21.61,82.75,7.89,22.61,2016,7,21
3735,2631,2393,3443,3131.583333,24.67,72.875,14.635,21.61,2016,7,22
3972,2359,2165,3729,3202.708333,23.22,84.75,4.645,24.67,2016,7,25
3986,2638,2362,3576,3243.458333,24.12,83.125,12.0025,23.22,2016,7,26
3950,2579,2358,3627,3249,26.31,76.375,16.145,24.12,2016,7,27
4347,2652,2379,4035,3475.333333,27.13,70.125,21.6425,26.31,2016,7,28
4518,2779,2425,4050,3583.833333,27.13,78.625,18.0175,27.13,2016,7,29
4595,2689,2374,4236,3643.083333,26.18,85,13.61,27.13,2016,8,1
4531,2924,2524,4158,3658.041667,26.67,81,19.225,26.18,2016,8,2
4687,2888,2537,4225,3699.375,27.94,76.125,22.735,26.67,2016,8,3
4860,2936,2549,4410,3846.333333,28.62,72.875,23.2225,27.94,2016,8,4
5033,3031,2604,4455,3933.5,28.76,63,20.38,28.62,2016,8,5
4829,2838,2461,4436,3790.291667,30.75,55.125,23.345,28.76,2016,8,8
5332,3091,2671,4776,4133.208333,28.53,64.125,21.7,30.75,2016,8,9
4952,3302,2729,4297,3929,28.72,75,20.495,28.53,2016,8,10
4626,2628,2303,4230,3607.5,26.8,85.125,11.3325,28.72,2016,8,17
4476,2964,2519,4021,3585.875,27.77,76.375,18.0775,26.8,2016,8,18
4484,2860,2489,4115,3622.208333,25.45,90.375,2.11667,27.77,2016,8,19
4393,2858,2469,3827,3502.875,26.24,83.75,14.78,25.45,2016,8,22
4595,2835,2512,4140,3642.875,26.06,82.875,13.15,26.24,2016,8,23
4445,2860,2519,4167,3625.625,27.79,75.375,22.2667,26.06,2016,8,24
4809,2928,2545,4370,3817.375,27.99,73.5,22.9033,27.79,2016,8,25
4857,2981,2572,4360,3846.791667,25.85,83.5,14.4567,27.99,2016,8,26
4277,2436,2247,4009,3404.708333,24.91,81.25,9.45,25.85,2016,8,29
4161,2862,2539,3704,3403.708333,25.97,64.25,23.4667,24.91,2016,8,30
4293,2608,2354,3857,3406.041667,26.16,67.625,22.16,25.97,2016,8,31
4468,2710,2398,4076,3533.833333,26.44,71.5,19.3933,26.16,2016,9,1
4481,2844,2475,4056,3591.041667,27.71,75.5,18.8567,26.44,2016,9,2
4746,2681,2399,4336,3750.083333,28.39,74.625,18.3967,27.71,2016,9,5
4857,3040,2669,4439,3903.666667,26.78,82.25,14.5833,28.39,2016,9,6
4612,3088,2675,4217,3749.166667,25.57,90,6.53667,26.78,2016,9,7
4466,2953,2594,4067,3654.25,26.43,74.375,18.3867,25.57,2016,9,8
4551,2906,2559,4128,3667.541667,24.41,78.5,11.35,26.43,2016,9,9
4043,2425,2245,3738,3283.166667,22.69,91.5,3.88,24.41,2016,9,12
3905,2673,2415,3657,3283.083333,23.24,86.125,8.82667,22.69,2016,9,13
3846,2622,2366,3679,3241.25,24.3,82.625,8.7,23.24,2016,9,14
4030,2761,2502,3758,3390.583333,23.13,84.5,6.22,24.3,2016,9,15
3851,2749,2491,3595,3269.041667,19.28,95.25,3.52,23.13,2016,9,16
3664,2519,2333,3442,3108.958333,20.31,81,9.22,19.28,2016,9,20
3572,2532,2352,3393,3052.916667,21.18,94.5,4.12667,20.31,2016,9,21
3693,2519,2352,3478,3137,24.77,82.5,11.8433,21.18,2016,9,23
4100,2486,2276,3838,3334.583333,25.37,83.5,13.7,24.77,2016,9,26
4329,2783,2505,4021,3503.958333,25.52,85.875,6.82667,25.37,2016,9,27
4368,2891,2569,4012,3568.25,24.1,81.375,6.07667,25.52,2016,9,28
4143,2870,2586,3683,3425.958333,20.85,63.625,13.4467,24.1,2016,9,29
3577,2669,2413,3369,3081.25,22.3,91.5,3.30667,20.85,2016,9,30
3886,2435,2266,3532,3201.958333,24.31,73.625,14.8567,22.3,2016,10,3
4183,2643,2439,3751,3369.791667,22.66,78,8.72333,24.31,2016,10,4
3838,2700,2448,3598,3249.291667,25.1,61.125,17.0633,22.66,2016,10,5
4177,2785,2532,3657,3388.541667,20.47,54.5,15.0833,25.1,2016,10,6
3568,2642,2410,3341,3059.875,17.04,67.125,7.62667,20.47,2016,10,7
3484,2308,2171,3276,2892,17.52,63,16.1233,17.04,2016,10,11
3482,2450,2284,3297,2934.958333,15.86,68,4.94333,17.52,2016,10,12
3514,2448,2285,3317,2970.916667,15.37,61.5,12.6433,15.86,2016,10,13
3417,2498,2335,3263,2934.25,17.37,91.125,2.39,15.37,2016,10,14
3556,2268,2149,3341,2965.791667,21.22,79.875,13.72,17.37,2016,10,17
3681,2521,2366,3442,3067.5,20.72,76.5,10.4633,21.22,2016,10,18
3630,2553,2370,3372,3055.375,21.11,64.25,15.97,20.72,2016,10,19
3685,2522,2350,3404,3077.958333,17.28,59.625,12.48,21.11,2016,10,20
3491,2500,2339,3257,2950.75,14.37,55,16.1333,17.28,2016,10,21
3457,2247,2135,3282,2863,13.1,73.125,6.74,14.37,2016,10,24
3587,2477,2329,3395,3005.958333,18.99,78.75,14.75,13.1,2016,10,25
3603,2505,2350,3363,3002.416667,18.14,57.625,15.2167,18.99,2016,10,26
3517,2509,2349,3300,2960.041667,12.43,77.75,2.53333,18.14,2016,10,27
3666,2482,2345,3433,3083.708333,13.65,69.25,10.6067,12.43,2016,10,28
3570,2379,2257,3378,2970.416667,13.29,75,7.1,13.65,2016,10,31
3618,2532,2377,3453,3089.708333,10.88,65.5,5.92,13.29,2016,11,1
3831,2585,2414,3614,3212.583333,12.56,55.5,14.8233,10.88,2016,11,2
3564,2553,2414,3397,3029.166667,10,61.875,13.4533,12.56,2016,11,4
3746,2367,2262,3602,3082.833333,9.92,72.25,7.01,10,2016,11,7
3846,2658,2505,3646,3241.666667,10.15,50.5,13.55,9.92,2016,11,8
3947,2713,2540,3824,3301.75,8.28,57.5,7.02333,10.15,2016,11,9
4077,2825,2642,3863,3442.583333,9.74,90.25,3.57333,8.28,2016,11,10
4065,2829,2649,3788,3498.833333,13.68,83.5,4.29333,9.74,2016,11,11
3786,2409,2306,3564,3140.291667,15.07,81.875,7.45333,13.68,2016,11,14
3690,2634,2474,3484,3132.083333,11.6,56.875,9.53333,15.07,2016,11,15
3819,2634,2495,3624,3221.375,11.61,61.625,11.84,11.6,2016,11,16
3742,2691,2532,3584,3177.791667,10.1,64.875,12.3533,11.61,2016,11,17
3756,2707,2555,3577,3216.583333,12.08,85,2.71667,10.1,2016,11,18
3922,2416,2318,3702,3230.25,14.45,82.375,10.6367,12.08,2016,11,21
3663,2716,2546,3463,3154.125,2.75,86.5,1.68667,14.45,2016,11,22
4768,2771,2626,4480,3949.166667,4.67,75.5,11.4,2.75,2016,11,24
4360,3269,2952,4129,3737.375,10.57,65.375,8.90667,4.67,2016,11,25
4098,2586,2453,3931,3367.125,8.93,54.5,11.2733,10.57,2016,11,28
4091,2883,2659,3965,3451.708333,7.45,60,9.33667,8.93,2016,11,29
4142,2945,2734,3961,3513.708333,10.38,82.625,6.87667,7.45,2016,11,30
4111,2889,2686,3793,3459.458333,10.77,52,11.86,10.38,2016,12,1
3892,2821,2642,3740,3331.375,12.33,77.5,8.64,10.77,2016,12,2
3780,2523,2406,3596,3169.833333,10.19,57.5,10.93,12.33,2016,12,5
4030,2723,2572,3923,3330.333333,6.45,58.375,8.60667,10.19,2016,12,6
4186,2970,2739,4015,3569.666667,7.36,57.25,11.0867,6.45,2016,12,7
4125,3034,2799,3986,3528.791667,9.63,57.625,10.6167,7.36,2016,12,8
3914,2969,2759,3743,3414.166667,5.4,52.625,10.3233,9.63,2016,12,9
4336,2935,2705,4151,3636.083333,8.33,66.875,7.12667,5.4,2016,12,12
4172,3063,2817,3951,3597.208333,7.93,74,4.8,8.33,2016,12,13
4287,2925,2716,4137,3643.833333,4.97,49.125,11.4833,7.93,2016,12,14
4405,3105,2839,4273,3722.708333,3.78,49.875,11.2667,4.97,2016,12,15
4520,3279,2987,4356,3841,8.44,63.25,10.1467,3.78,2016,12,16
4065,2837,2638,3916,3469.875,8.52,67.625,7.63,8.44,2016,12,19
4054,2944,2741,3908,3507.75,9.22,70.5,10.42,8.52,2016,12,20
3956,2977,2755,3810,3431.541667,11.88,80.625,4.23333,9.22,2016,12,21
3914,2926,2698,3642,3415.208333,6.22,64.75,5.49333,11.88,2016,12,22
4218,2885,2664,4022,3597.25,9.44,76.25,3.00333,6.22,2016,12,26
3963,2945,2651,3799,3447.375,6.9,53.125,11.0167,9.44,2016,12,27
3571,2571,2354,3559,2985.166667,5.24,45.375,11.4367,6.9,2017,1,4
4142,2682,2469,4078,3414.083333,3.58,48.25,11.2667,5.24,2017,1,5
4349,3064,2780,4236,3701.5,7.22,58.625,12.1167,3.58,2017,1,6
4207,2988,2765,4097,3609.208333,5.74,47.25,12.33,7.22,2017,1,10
4300,3088,2843,4208,3681.541667,4.74,52.75,12.1367,5.74,2017,1,11
4356,3237,2963,4265,3755.458333,5.01,56.875,8.96667,4.74,2017,1,12
4336,3254,2953,4234,3753.541667,1.96,50.375,13.17,5.01,2017,1,13
4757,3381,3057,4640,4053.25,4.2,56,11.8567,1.96,2017,1,16
4530,3445,3096,4426,3918.5,4.18,59,12.2733,4.2,2017,1,17
4445,3388,3075,4340,3877.458333,4.88,52.875,9.47667,4.18,2017,1,18
4498,3292,2999,4410,3879.833333,2.56,68.625,4.67667,4.88,2017,1,19
4899,3395,3056,4635,4182.25,3.14,35.125,12.3867,2.56,2017,1,20
4785,3001,2787,4679,3925.083333,1.2,38.875,12.1333,3.14,2017,1,23
4846,3517,3164,4751,4104.666667,2.13,42.5,14.15,1.2,2017,1,24
4657,3587,3210,4581,4047.541667,3.15,49.75,14.1233,2.13,2017,1,25
4518,3496,3154,4426,3947.833333,6.91,51.875,10.2633,3.15,2017,1,26
4584,3373,3026,4042,3783,9.8,63.75,10.9733,6.91,2017,1,27
3965,2739,2578,3869,3374.458333,5.39,38.75,14.72,9.8,2017,1,30
4347,3004,2822,4249,3684.416667,5.29,45.875,11.7,5.39,2017,1,31
4276,3203,2913,4192,3707.708333,4.04,33.875,15.0733,5.29,2017,2,1
4532,3220,2975,4435,3852.166667,6.01,39.75,15.2567,4.04,2017,2,2
4241,3364,3020,4154,3727.416667,7.81,54.875,12.94,6.01,2017,2,3
4263,2843,2677,4162,3557.125,4.59,34,15.8067,7.81,2017,2,6
4534,3184,2952,4430,3794.291667,4.66,41.375,15.08,4.59,2017,2,7
4354,3353,3037,4258,3772.708333,2.38,82,2.63,4.66,2017,2,8
4957,3203,2931,4735,4127.666667,3.73,59,11.17,2.38,2017,2,9
4651,3402,3054,4513,3948.916667,4.49,41.625,15.6967,3.73,2017,2,10
4407,3101,2859,4315,3756.25,4.29,44.5,14.9,4.49,2017,2,13
4409,3277,3001,4324,3804.791667,4.88,45.25,17.1767,4.29,2017,2,14
4263,3324,3032,4187,3731.791667,6.22,52.5,16.6033,4.88,2017,2,15
4133,3229,2964,4040,3636.333333,11.2,60.25,12.87,6.22,2017,2,16
3804,3063,2821,3597,3372.791667,8.79,56.875,11.0567,11.2,2017,2,17
3989,2879,2694,3877,3453.958333,5.37,36.5,17.0467,8.79,2017,2,20
4415,2966,2793,4341,3662.208333,5.64,52.375,13.4167,5.37,2017,2,21
4216,3265,2965,4098,3713.875,10.68,70.25,7.92667,5.64,2017,2,22
4071,2989,2752,3805,3472.875,6.9,36.125,15.4667,10.68,2017,2,23
4157,2926,2764,4063,3562.375,5.94,58.25,11.9533,6.9,2017,2,24
4273,2692,2575,4178,3561.375,5.31,57.125,17.3033,5.94,2017,2,27
4200,3102,2841,4145,3618.041667,5.99,68.625,13.3267,5.31,2017,2,28
4128,3157,2876,4040,3607.625,6.79,87.625,4.53667,5.99,2017,3,1
4264,2994,2766,4129,3680.833333,7.82,57.5,18.68,6.79,2017,3,2
4053,3012,2814,3989,3480,8.62,78.5,5.35333,7.82,2017,3,3
4070,2606,2510,3937,3437.083333,5.68,55.5,13.73,8.62,2017,3,6
4294,2928,2758,4215,3652.208333,4.74,49.25,18.94,5.68,2017,3,7
4198,3243,2996,4137,3651.666667,6.49,44.125,19.7233,4.74,2017,3,8
4054,3178,2933,3982,3549.75,7.18,42.375,18.9467,6.49,2017,3,9
3989,3056,2845,3922,3473.333333,8.09,68,9.49,7.18,2017,3,10
4090,2723,2545,3954,3481.958333,8.12,80.25,7.46,8.09,2017,3,13
4144,2898,2700,4048,3592.875,5.77,67.875,8.74667,8.12,2017,3,14
4341,3032,2840,4246,3753.083333,7.59,54.625,20.3367,5.77,2017,3,15
4056,3139,2896,3987,3521.875,7.94,45,20.2967,7.59,2017,3,16
3917,3071,2844,3836,3441.875,8.59,84.875,3.81667,7.94,2017,3,17
4068,2616,2515,3939,3447.083333,8.99,44.375,22.0667,8.59,2017,3,21
3868,2914,2733,3829,3364.166667,8.19,49.375,15.7767,8.99,2017,3,22
3878,2934,2753,3817,3394.541667,7.43,44.25,18.2233,8.19,2017,3,23
3959,2917,2735,3911,3401.208333,5.58,80.75,9.22333,7.43,2017,3,24
4535,2862,2668,4165,3740.5,7.44,63.5,19.4533,5.58,2017,3,27
4015,3171,2894,3947,3534.25,8.47,63.125,20.4267,7.44,2017,3,28
3845,2980,2772,3789,3392.125,11.1,59.875,22.71,8.47,2017,3,29
3610,2903,2708,3528,3222.666667,8.15,61.75,5.48333,11.1,2017,3,30
4027,2745,2589,3926,3410,9.34,60,21.7833,8.15,2017,3,31
3788,2653,2477,3738,3235.125,10.65,59.125,23.62,9.34,2017,4,3
3620,2847,2663,3582,3217.791667,13.85,60.375,21.8767,10.65,2017,4,4
3483,2722,2553,3414,3085.833333,15.75,64.875,16.9867,13.85,2017,4,5
3485,2593,2468,3384,3031.166667,17.42,78.75,11.6333,15.75,2017,4,6
3453,2565,2446,3302,3018.166667,10.48,46,18.79,17.42,2017,4,7
3638,2403,2309,3591,3063.25,8.61,86,2.05333,10.48,2017,4,10
4090,2742,2575,3947,3497.291667,13.52,57.5,22.18,8.61,2017,4,11
3512,2770,2589,3461,3103.75,11.81,42.5,25.5033,13.52,2017,4,12
3533,2691,2539,3502,3113.041667,14.09,48.375,25.5433,11.81,2017,4,13
3376,2686,2552,3308,3036.208333,17.16,67.5,13.68,14.09,2017,4,14
3426,2283,2210,3315,2904.958333,19.08,70.125,19.1567,17.16,2017,4,17
3406,2529,2426,3317,3006.416667,16.4,48.375,23.8433,19.08,2017,4,18
3401,2508,2394,3310,2967.375,14.7,48.375,23.81,16.4,2017,4,19
3407,2518,2405,3327,2957.208333,15.02,69.625,11.11,14.7,2017,4,20
3353,2503,2382,3284,2960.75,14.09,59.5,23.5267,15.02,2017,4,21
3383,2345,2243,3353,2922.291667,15.52,59.375,24.6767,14.09,2017,4,24
3376,2541,2406,3340,2966.875,16.1,67.75,11.84,15.52,2017,4,25
3385,2522,2409,3340,2975.375,14.54,64.25,16.73,16.1,2017,4,26
3368,2510,2380,3333,2958.541667,14.84,58.875,25.5233,14.54,2017,4,27
3257,2527,2396,3187,2892.458333,20.47,44.375,27.7567,14.84,2017,4,28
3433,2167,2073,3301,2860.291667,18.55,52,14.3833,20.47,2017,5,8
3348,2446,2301,3272,2899.083333,16.18,87.625,5.96333,18.55,2017,5,9
3369,2453,2324,3293,2955,20.77,64.25,23.7867,16.18,2017,5,10
3557,2480,2343,3381,3015.583333,21.11,65.875,22.6433,20.77,2017,5,11
3682,2502,2347,3348,3044.75,17.32,82.125,10.8767,21.11,2017,5,12
3360,2229,2122,3281,2878.833333,18.47,68.375,19.3433,17.32,2017,5,15
3423,2433,2294,3274,2923.125,16.79,71.5,10.6767,18.47,2017,5,16
3314,2445,2296,3258,2907.916667,17.83,74.875,17.7167,16.79,2017,5,17
3413,2453,2316,3296,2941.958333,19.73,69.125,28.3967,17.83,2017,5,18
3495,2444,2310,3287,2966.291667,23.45,61.625,25.9333,19.73,2017,5,19
3833,2320,2193,3473,3091.125,22.51,63,26.3933,23.45,2017,5,22
3751,2526,2354,3431,3109.75,21.65,70.25,14.27,22.51,2017,5,23
3617,2514,2354,3400,3060,19.96,83.875,6.65333,21.65,2017,5,24
3609,2523,2352,3388,3053.375,18.15,90.625,3.97667,19.96,2017,5,25
3523,2513,2354,3293,3006.625,21.43,64,28.56,18.15,2017,5,26
3602,2271,2154,3381,2968.875,23.31,65.5,27.1433,21.43,2017,5,29
3883,2504,2334,3561,3163.625,23.56,72.5,18.3567,23.31,2017,5,30
3856,2592,2405,3504,3179.958333,22.14,78.625,13.8933,23.56,2017,5,31
3778,2594,2406,3494,3160.208333,21.92,53.25,26.5233,22.14,2017,6,1
3809,2583,2393,3337,3100.958333,19.36,53.5,26.8567,21.92,2017,6,2
3509,2258,2134,3300,2925.083333,19.45,62.875,21.6033,19.36,2017,6,5
3495,2466,2311,3305,2973.083333,19.79,73,8.41667,19.45,2017,6,6
3494,2478,2319,3310,2979.583333,20.99,80.25,14.08,19.79,2017,6,7
3572,2487,2331,3445,3058.666667,22.53,67,25.4033,20.99,2017,6,8
3716,2573,2393,3405,3101.625,19.86,58,21.7333,22.53,2017,6,9
3511,2301,2161,3335,2953.333333,17.29,78.75,9.85,19.86,2017,6,12
3463,2513,2356,3309,2996,19.7,72.125,22.1467,17.29,2017,6,13
3481,2482,2317,3337,2992.375,21.06,71.25,22.7833,19.7,2017,6,14
3636,2502,2335,3418,3063.25,22.42,65.125,25.28,21.06,2017,6,15
3853,2557,2372,3407,3152.291667,22.19,63.875,26.5067,22.42,2017,6,16
3728,2291,2164,3444,3038.083333,22.69,69.25,26.76,22.19,2017,6,19
3870,2536,2364,3593,3185.333333,21.5,88.875,3.78667,22.69,2017,6,20
3694,2656,2446,3527,3183.041667,23.56,65.5,19.6467,21.5,2017,6,21
3781,2633,2454,3575,3191.875,24.14,66.5,26.3067,23.56,2017,6,22
4054,2631,2429,3599,3289.291667,23.58,72.5,18.13,24.14,2017,6,23
3837,2451,2283,3574,3168.75,23.09,79.125,11.2667,23.58,2017,6,26
3821,2662,2450,3610,3239.416667,22.54,85.625,8.27333,23.09,2017,6,27
3781,2651,2439,3595,3225.791667,24.5,76.75,17.8167,22.54,2017,6,28
4102,2643,2431,3730,3339.083333,23.93,84.5,8.38667,24.5,2017,6,29
3884,2730,2488,3624,3281.625,27.75,74.625,18.3567,23.93,2017,6,30
4664,2693,2433,4319,3672.416667,25.87,83.625,7.23333,27.75,2017,7,3
4346,3079,2708,4045,3646.416667,25.91,78.875,18.8567,25.87,2017,7,4
4541,2860,2574,4062,3610.125,25.87,72.625,22.5867,25.91,2017,7,5
4386,2899,2582,4005,3580.125,26.56,72.875,24.8,25.87,2017,7,6
4595,2895,2589,4092,3683.875,27.66,72.375,27.8633,26.56,2017,7,7
4846,2790,2484,4323,3798.083333,27.89,73,21.4567,27.66,2017,7,10
4811,3038,2687,4354,3876.833333,28.22,77.375,21.5167,27.89,2017,7,11
5047,3070,2710,4448,3996.5,28,78.5,15.68,28.22,2017,7,12
4884,3173,2782,4382,3966.5,27.93,73.375,20.0567,28,2017,7,13
4912,3123,2734,4285,3917.333333,26.29,74.375,16.9467,27.93,2017,7,14
4783,3064,2687,4121,3761.333333,26.13,72.5,22.8333,26.29,2017,7,18
4636,2923,2590,4126,3707.375,27.79,71.75,23.22,26.13,2017,7,19
4891,2983,2647,4452,3902.875,28.78,71.375,25.7767,27.79,2017,7,20
5039,3157,2764,4431,4020.958333,28.33,76.625,14.5333,28.78,2017,7,21
4805,2766,2498,4376,3811.208333,28.13,79.5,12.2667,28.33,2017,7,24
4875,3118,2721,4410,3945.791667,25.08,86.5,9.41,28.13,2017,7,25
4224,3120,2714,3794,3527.833333,24.53,78.125,13.4167,25.08,2017,7,26
3986,2751,2480,3775,3362.333333,26.98,78.125,17.4667,24.53,2017,7,27
4627,2758,2492,4154,3646.166667,27.93,75.25,21.4067,26.98,2017,7,28
4808,2633,2380,4402,3757.625,26.18,84.25,8.31667,27.93,2017,7,31
4622,3096,2702,3914,3682.541667,23.08,81.375,8.63333,26.18,2017,8,1
3881,2796,2500,3566,3265.333333,24.31,74.875,13.6267,23.08,2017,8,2
4051,2621,2391,3785,3326.25,25.67,81,13.61,24.31,2017,8,3
4248,2741,2479,3966,3483.791667,28.29,81.25,15.6167,25.67,2017,8,4
5061,2955,2605,4461,3982.583333,28.34,80.125,11.54,28.29,2017,8,7
4943,3201,2877,4535,4017.583333,29.26,72.875,22.4367,28.34,2017,8,8
5383,3231,2823,4578,4179.25,25.71,82.75,9.89,29.26,2017,8,9
4287,3182,2761,3785,3584.833333,24.82,82.875,14.31,25.71,2017,8,10
3687,2364,2155,3567,3054.708333,25.86,84.5,8.17333,24.82,2017,8,17
4013,2602,2333,3773,3299.041667,26.54,81.25,15.18,25.86,2017,8,18
4479,2579,2339,4072,3540.625,27.49,81.375,14.2967,26.54,2017,8,21
4802,2944,2617,4348,3807.916667,28.89,71,17.6933,27.49,2017,8,22
4996,3077,2697,4552,4006.791667,29.57,66.5,19.6667,28.89,2017,8,23
5171,3231,2800,4664,4096.916667,29.08,72.25,11.68,29.57,2017,8,24
5152,3280,2845,4660,4158.541667,25.83,71.875,18.3633,29.08,2017,8,25
4550,2585,2353,4176,3580.083333,28.27,76,16.6167,25.83,2017,8,28
4874,3019,2687,4520,3934,26.93,80.5,12.5667,28.27,2017,8,29
4908,3178,2786,4094,3866.875,22.44,80.75,14.17,26.93,2017,8,30
3882,2921,2582,3490,3268.5,22.12,66.875,18.6367,22.44,2017,8,31
3815,2581,2373,3386,3134.833333,21.16,76.375,10.61,22.12,2017,9,1
3568,2385,2214,3383,3013.75,23.27,76.5,16.5433,21.16,2017,9,4
3908,2531,2360,3627,3214.583333,21.82,91.25,4.75667,23.27,2017,9,5
3717,2665,2453,3522,3196.666667,22.86,89.875,5.10667,21.82,2017,9,6
3845,2634,2435,3616,3257.458333,23.97,80,17.46,22.86,2017,9,7
4004,2682,2480,3620,3315.875,25.11,75,13.31,23.97,2017,9,8
4236,2514,2311,3815,3388.625,24.64,86.875,6.11,25.11,2017,9,11
4149,2803,2559,3864,3457.291667,25.77,70,20.3967,24.64,2017,9,12
4385,2770,2507,3863,3510.666667,24.87,68.375,18.3867,25.77,2017,9,13
4336,2798,2523,3863,3484.833333,23.05,55.875,18.0767,24.87,2017,9,14
3900,2730,2470,3497,3237.041667,24,65.125,18.79,23.05,2017,9,15
4048,2589,2375,3696,3297.5,22.75,71.25,7.02,24,2017,9,19
3753,2691,2455,3542,3208.291667,23.31,56.75,21.28,22.75,2017,9,20
3955,2634,2417,3597,3243.083333,21.24,77.375,8.25667,23.31,2017,9,21
3807,2626,2403,3448,3171.5,23.13,74,17.2667,21.24,2017,9,22
3950,2345,2190,3569,3167.083333,23.01,75,18.3367,23.13,2017,9,25
3993,2595,2395,3614,3258.041667,22.98,76.125,9.75333,23.01,2017,9,26
3858,2647,2422,3531,3219.083333,19.59,85.125,6.26667,22.98,2017,9,27
3667,2613,2407,3316,3108.875,19.43,69.625,19.12,19.59,2017,9,28
3485,2462,2293,3292,2979.541667,21.36,75.625,6.56333,19.43,2017,9,29
3652,2293,2158,3427,3024,21.94,80.125,13.3467,21.36,2017,10,2
3865,2567,2390,3517,3189.375,17.89,60.5,8.14667,21.94,2017,10,3
3450,2544,2356,3274,2983.25,15.9,58.125,14.6167,17.89,2017,10,4
3414,2459,2301,3266,2939.625,15.37,78.875,5.42667,15.9,2017,10,5
3475,2458,2308,3288,2967.916667,22.91,76.875,16.49,15.37,2017,10,6
3959,2390,2262,3581,3186.041667,21.45,84.5,8.55667,22.91,2017,10,10
3702,2609,2419,3442,3158.125,22.56,75.75,12.9067,21.45,2017,10,11
4058,2557,2389,3575,3263.708333,15.81,91.125,1.53667,22.56,2017,10,12
3534,2574,2389,3294,3056.583333,12.86,95.5,2.87667,15.81,2017,10,13
3741,2340,2213,3522,3103.625,13.48,91.75,4.99,12.86,2017,10,16
3645,2590,2424,3472,3144.291667,14.24,70.375,14.1033,13.48,2017,10,17
3563,2585,2424,3411,3047.708333,11.35,93.375,3.36,14.24,2017,10,18
3900,2577,2429,3681,3283.791667,14.74,92.875,6.59667,11.35,2017,10,19
3660,2676,2492,3442,3176.666667,18.46,62.375,12.2167,14.74,2017,10,20
3503,2427,2322,3333,2980.625,14.15,65.875,7.36333,18.46,2017,10,23
3621,2524,2364,3434,3051.416667,12.88,85,3.43667,14.15,2017,10,24
3709,2565,2410,3511,3156.625,13.78,72.375,15.86,12.88,2017,10,25
3504,2583,2412,3368,3034.625,14.2,72.25,15.4567,13.78,2017,10,26
3474,2567,2424,3297,3017.25,14.73,54.625,16.1933,14.2,2017,10,27
3577,2360,2246,3461,2980.833333,11.89,59.75,12.6833,14.73,2017,10,30
3612,2610,2448,3482,3101.708333,12.89,70.375,12.07,11.89,2017,10,31
3562,2599,2435,3422,3070.833333,14.6,69.125,13.5533,12.89,2017,11,1
3492,2568,2415,3322,3030.916667,12.97,67.625,14.05,14.6,2017,11,2
3560,2373,2268,3393,3020.958333,14.66,70.375,14.0633,12.97,2017,11,6
3560,2569,2444,3364,3057.083333,14.74,78.375,2.84333,14.66,2017,11,7
3674,2523,2394,3465,3122.541667,13.81,54.375,14.1567,14.74,2017,11,8
3643,2599,2458,3502,3103.833333,12.03,63.875,10.9867,13.81,2017,11,9
3615,2641,2498,3444,3145.041667,11.17,68.5,11.7067,12.03,2017,11,10
3702,2433,2334,3539,3146.375,12.23,87.375,4.04,11.17,2017,11,13
3845,2637,2488,3623,3263.916667,12.34,78.375,9.46667,12.23,2017,11,14
3718,2666,2522,3558,3208.958333,10.2,58.5,12.6367,12.34,2017,11,15
3816,2686,2547,3679,3245.041667,8.59,63.25,12.4233,10.2,2017,11,16
3832,2761,2605,3674,3309.916667,5.56,61.25,6.62,8.59,2017,11,17
4263,2703,2565,4113,3606.708333,6.84,50.5,13.0633,5.56,2017,11,20
4192,3062,2767,4091,3580.916667,6.44,69.125,6.96667,6.84,2017,11,21
4239,3076,2840,4026,3666.75,8.34,53.125,12.0567,6.44,2017,11,22
3995,2826,2663,3860,3434.75,10.51,63.25,9.04333,8.34,2017,11,24
3988,2548,2434,3792,3315.583333,11,75.75,7.79667,10.51,2017,11,27
3909,2760,2599,3749,3376.041667,11.77,72.75,10.7433,11,2017,11,28
3749,2793,2640,3581,3287.5,10.67,76.5,2.67,11.77,2017,11,29
4062,2711,2578,3857,3437.666667,8.39,78.125,7.09667,10.67,2017,11,30
4103,2850,2648,3897,3509.916667,8.01,69.5,5.83,8.39,2017,12,1
4190,2754,2612,3981,3549.75,8.39,59.625,10.7567,8.01,2017,12,4
4080,2912,2753,3952,3513.125,5.93,56,11.5967,8.39,2017,12,5
4218,3004,2828,4098,3625.541667,5.58,65,11.2367,5.93,2017,12,6
4247,3144,2903,4119,3684.5,4.96,72.625,4.52667,5.58,2017,12,7
4425,3149,2903,4249,3861.458333,9.21,59.25,11.0333,4.96,2017,12,8
4078,2856,2664,3953,3515,5.97,35.1429,11.6467,9.21,2017,12,11
4363,3022,2865,4227,3712.833333,4.15,46,11.0867,5.97,2017,12,12
4437,3237,2966,4336,3817.916667,4.39,44,11.57,4.15,2017,12,13
4515,3320,3030,4381,3879.041667,4.6,52.1429,8.26667,4.39,2017,12,14
4498,3322,3021,4295,3911.5,3.27,53.4286,11.15,4.6,2017,12,15
4535,3139,2895,4432,3892.541667,5.03,52.5714,10.9467,3.27,2017,12,18
4435,3378,3084,4302,3880.375,4.19,52.7143,10.37,5.03,2017,12,19
4437,3309,3026,4344,3881.5,4.22,61.1429,10.53,4.19,2017,12,20
4565,3345,3050,4352,3911.25,4.55,61.8571,10.2967,4.22,2017,12,21
4566,3362,3052,4199,3868.041667,9.04,56.4286,11.34,4.55,2017,12,22
4160,2864,2687,4054,3529.833333,6.3,46.4286,10.9067,9.04,2017,12,25
4162,3098,2843,4057,3638.416667,3.45,46.5714,11.1167,6.3,2017,12,26
4413,3162,2907,4307,3780.916667,3,46.14285714,11.71666667,3.45,2017,12,27
3982,2843,2578,3958,3343.416667,3.03,47.75,10.625,3,2018,1,4
4415,3006,2690,4254,3775.75,2.47,59.25,6.4425,3.03,2018,1,5
4352,3036,2774,4118,3663.666667,8.12,65.5,8.735,2.47,2018,1,9
4359,3138,2919,4260,3756.708333,6.42,41.5,11.585,8.12,2018,1,10
4588,3213,2986,4493,3888.041667,4.03,38.5,12.41,6.42,2018,1,11
4666,3450,3146,4556,4070.583333,1.48,41.625,11.505,4.03,2018,1,12
4676,3222,2973,4481,3984.208333,3.25,55,11.165,1.48,2018,1,15
4441,3399,3101,4203,3841.583333,5.88,60.625,11.135,3.25,2018,1,16
4502,3211,2931,4279,3874.583333,7.18,81.75,3.325,5.88,2018,1,17
4188,3098,2873,4073,3667.541667,8.49,73.875,10.385,7.18,2018,1,18
4269,3082,2861,4108,3703.458333,7.17,57.875,9.995,8.49,2018,1,19
5101,2960,2777,4857,4219.083333,1.45,78.375,1.96,7.17,2018,1,22
4641,3597,3252,4508,4077.916667,3.11,70,9.9725,1.45,2018,1,23
4927,3489,3195,4861,4138.458333,0.99,46.875,10.8925,3.11,2018,1,24
5110,3779,3420,5015,4352.208333,-0.73,35.875,13.98,0.99,2018,1,25
5124,3847,3449,5013,4371.083333,-0.49,40.375,13.89,-0.73,2018,1,26
4767,3416,3115,4582,4080.875,3.44,61.875,13.0875,-0.49,2018,1,29
4794,3493,3199,4697,4162.916667,2.42,53.625,12.41,3.44,2018,1,30
4683,3589,3269,4534,4086.916667,2.78,52.375,13.44,2.42,2018,1,31
4978,3494,3129,4818,4247.875,2.54,73.75,4.52,2.78,2018,2,1
5266,3692,3346,4741,4430.958333,2.08,86.375,6.2625,2.54,2018,2,2
4690,3209,2986,4590,4025.166667,2.99,49.625,13.905,2.08,2018,2,5
4722,3550,3242,4637,4101.875,2.02,44.5,15.0325,2.99,2018,2,6
4652,3581,3268,4587,4085.083333,2.08,39.75,14.805,2.02,2018,2,7
4716,3561,3239,4643,4104.458333,2.2,44.625,13.8725,2.08,2018,2,8
4655,3581,3261,4452,4049.583333,2.77,48.5,15.21,2.2,2018,2,9
4571,3357,3110,4499,3972.416667,3.1,39.875,12.9475,2.77,2018,2,13
4434,3480,3163,4299,3889.458333,4.8,46.625,16.4525,3.1,2018,2,14
4166,3216,2924,4060,3634.75,8.89,45.375,14.6525,4.8,2018,2,15
4320,3188,2974,4176,3769.541667,5.64,52.375,14.335,8.89,2018,2,16
4482,3201,2922,4284,3821.875,4.33,48.625,15.6275,5.64,2018,2,19
4228,3172,2931,4153,3693.5,6.49,53.5,16.8875,4.33,2018,2,20
4501,3189,2955,4379,3885.375,5.05,51,10,6.49,2018,2,21
4810,3279,3007,4659,4132.625,2.8,78.375,8.1525,5.05,2018,2,22
4795,3462,3137,4366,4004.625,4.4,73.125,13.7775,2.8,2018,2,23
4483,2992,2780,4315,3760.5,5.66,59.625,15.3225,4.4,2018,2,26
4227,3218,2952,4066,3689.708333,6.82,59.75,15.7425,5.66,2018,2,27
4104,3149,2927,3986,3607.666667,8.22,58,12.7875,6.82,2018,2,28
3891,3004,2816,3679,3395.625,11.98,62.25,15.66,8.22,2018,3,1
3910,2893,2763,3866,3422,8.9,31.875,19.6625,11.98,2018,3,2
3735,2488,2426,3564,3208.791667,13.36,84.125,5.35,8.9,2018,3,5
3943,2737,2627,3876,3366.125,8.26,56.625,16.84,13.36,2018,3,6
4308,3029,2853,4208,3676.833333,4.96,52.25,14.4325,8.26,2018,3,7
4521,3117,2872,4263,3865.583333,6.63,88.5,2.96,4.96,2018,3,8
4004,3040,2804,3880,3532.625,11.32,82,2.8175,6.63,2018,3,9
3866,2737,2619,3797,3351.791667,8.5,49.375,21.245,11.32,2018,3,12
3743,2913,2746,3610,3312.708333,10.55,60.25,19.5125,8.5,2018,3,13
3502,2773,2642,3404,3151.541667,13.88,59.25,20.05,10.55,2018,3,14
3513,2648,2548,3404,3092.625,15.06,62.375,17.0275,13.88,2018,3,15
3731,2608,2503,3636,3208.958333,12.32,68.875,5.21,15.06,2018,3,16
3688,2523,2427,3564,3190.166667,12.21,69.375,6.9,12.32,2018,3,19
4041,2697,2575,3918,3468.291667,8.42,81,4.465,12.21,2018,3,20
4186,3139,2861,3781,3523.541667,9.65,81,10.0825,8.42,2018,3,22
3719,2830,2637,3593,3261.833333,11.13,63.375,17.5775,9.65,2018,3,23
3423,2468,2379,3342,3001.125,13.69,56.5,21.365,11.13,2018,3,26
3397,2584,2477,3307,3005.958333,14.93,61.625,19.5925,13.69,2018,3,27
3339,2546,2441,3244,2955.458333,16.64,59.625,22.0425,14.93,2018,3,28
3347,2506,2411,3249,2939.458333,17.36,55.5,21.5425,16.64,2018,3,29
3311,2477,2370,3250,2899.875,13.15,36.75,23.705,17.36,2018,3,30
3369,2334,2254,3272,2913.291667,16.67,67.75,17.6575,13.15,2018,4,2
3448,2503,2402,3347,3007.5,17.68,69.375,20.41,16.67,2018,4,3
3452,2532,2414,3328,2997.958333,19.16,62.75,21.855,17.68,2018,4,4
3507,2503,2385,3395,3005.291667,13.15,64.75,13.81,19.16,2018,4,5
3408,2566,2442,3291,3009.5,17.35,77.25,13.63,13.15,2018,4,6
3461,2415,2331,3399,3007.125,12.12,44.5,22.15,17.35,2018,4,9
3446,2638,2525,3385,3039.5,12.91,49.25,24.87,12.12,2018,4,10
3460,2584,2467,3358,3046.5,16.01,66.875,13.6975,12.91,2018,4,11
3440,2555,2437,3310,3009.583333,18.31,53.875,21.7025,16.01,2018,4,12
3347,2549,2434,3291,2976.125,14.51,34.5,24.89,18.31,2018,4,13
3417,2347,2264,3361,2943.458333,13.9,51.5,21.2,14.51,2018,4,16
3638,2558,2439,3525,3121.625,12.71,75.875,5.5075,13.9,2018,4,17
3606,2629,2493,3413,3111.5,13.48,85.5,11.275,12.71,2018,4,18
3401,2603,2468,3343,3017.458333,16.28,71.25,24.8475,13.48,2018,4,19
3387,2566,2436,3290,2990.208333,18.3,59,25.585,16.28,2018,4,20
3438,2309,2206,3323,2929.75,16.56,75.875,10.2475,18.3,2018,4,23
3478,2493,2381,3362,3016.25,16.64,84,5.7875,16.56,2018,4,24
3575,2517,2390,3374,3051.083333,18.42,88,11.89,16.64,2018,4,25
3349,2504,2378,3284,2940.458333,18.27,58.25,26.11,18.42,2018,4,26
3348,2490,2348,3197,2894.5,17.63,68.875,14.78,18.27,2018,4,27
3439,2170,2077,3250,2867.125,17.5,81.625,6.1575,17.63,2018,5,7
3457,2423,2301,3369,2986.416667,13.21,85.125,5.9875,17.5,2018,5,8
3499,2526,2389,3416,3050.041667,12.34,83.375,9.8025,13.21,2018,5,9
3514,2524,2375,3382,3026.458333,13.1,73.25,16.325,12.34,2018,5,10
3317,2549,2416,3237,2938.625,15.98,61.5,27.275,13.1,2018,5,11
3464,2271,2183,3325,2934.916667,20.65,64,26.3975,15.98,2018,5,14
3588,2473,2333,3406,3025.5,21.46,57.875,27.645,20.65,2018,5,15
3790,2508,2356,3464,3107.875,23.01,62.375,25.43,21.46,2018,5,16
3847,2558,2403,3662,3201.666667,23.91,71.375,16.5275,23.01,2018,5,17
3971,2641,2450,3502,3242.208333,22.75,80,19.745,23.91,2018,5,18
3500,2245,2138,3313,2915.958333,19.83,47.125,24.52,22.75,2018,5,21
3607,2467,2314,3385,3030.25,20.54,52,28.66,19.83,2018,5,22
3487,2492,2357,3344,3003.291667,18.06,78.375,9.3275,20.54,2018,5,23
3623,2504,2362,3432,3074.625,20.7,75.5,24.055,18.06,2018,5,24
3701,2536,2376,3446,3101.083333,22.29,65.125,24.1225,20.7,2018,5,25
3567,2316,2189,3432,3018.375,21.46,74.5,12.07,22.29,2018,5,28
3798,2536,2375,3516,3151.583333,22.78,70.5,17.7525,21.46,2018,5,29
3675,2595,2410,3398,3113.375,20.81,81.5,9.26,22.78,2018,5,30
3502,2520,2355,3362,3019.125,19.09,84.875,9.1425,20.81,2018,5,31
3619,2501,2332,3349,3036.5,21.08,61.375,28.285,19.09,2018,6,1
3864,2353,2217,3577,3151.958333,23.09,61,29.5375,21.08,2018,6,4
3937,2603,2405,3594,3242.125,22.89,66,21.4175,23.09,2018,6,5
3720,2661,2470,3428,3154,20.32,88.75,6.3175,22.89,2018,6,6
3891,2574,2399,3589,3208.083333,22.77,75.75,25.99,20.32,2018,6,7
3972,2630,2435,3630,3274.625,23.71,74.75,23.835,22.77,2018,6,8
3592,2364,2221,3410,3037.958333,19.77,92,5.6325,23.71,2018,6,11
3744,2564,2406,3482,3150,21.45,80.625,16.49,19.77,2018,6,12
3722,2557,2387,3502,3146.541667,21.69,71.5,25.8425,21.45,2018,6,13
3653,2580,2395,3438,3097.708333,20.76,68,22.1475,21.69,2018,6,14
3581,2581,2401,3283,3047.041667,18.08,87.5,4.225,20.76,2018,6,15
3545,2329,2205,3413,3004.833333,19.12,85.5,6.02,18.08,2018,6,18
3776,2576,2414,3537,3175.958333,22.57,73,26.0375,19.12,2018,6,19
3715,2630,2436,3439,3152.958333,20.49,94.875,4.2375,22.57,2018,6,20
3665,2607,2440,3514,3148.625,21.71,88.5,10.295,20.49,2018,6,21
3867,2628,2446,3570,3231.875,23.44,69.625,27.45,21.71,2018,6,22
4323,2494,2303,3886,3399.208333,25.86,66.625,28.1925,23.44,2018,6,25
4326,2791,2546,3927,3495.291667,25.5,72.75,24.135,25.86,2018,6,26
4540,2886,2635,4081,3650.958333,27.34,72.625,17.595,25.5,2018,6,27
4550,2993,2723,4137,3709.083333,26.94,78.5,14.52,27.34,2018,6,28
4727,3058,2677,4209,3813.416667,28.3,71.5,25.655,26.94,2018,6,29
5000,2835,2552,4543,3939.125,28.63,70.125,28.6825,28.3,2018,7,2
4928,3200,2902,4287,3975.375,28.38,68.5,23.2875,28.63,2018,7,3
4707,3046,2741,4268,3822.25,27.41,73.75,15.1175,28.38,2018,7,4
4458,3113,2766,4074,3703.958333,26.44,82.375,7.6075,27.41,2018,7,5
4095,3027,2712,3512,3394.583333,22.04,94.125,4.3575,26.44,2018,7,6
4761,2805,2538,4329,3799.125,27.35,78.25,23.02,22.04,2018,7,9
4983,3109,2761,4414,3972.958333,28.04,75.5,23.0275,27.35,2018,7,10
5019,3165,2815,4567,4043.375,28.48,73.125,20.4725,28.04,2018,7,11
4621,3223,2814,4289,3818.416667,26.32,81.5,15.5525,28.48,2018,7,12
5092,3096,2766,4576,4046.25,28.63,74.5,21.5625,26.32,2018,7,13
5462,3202,2838,4901,4304.791667,29.92,75,24.3575,28.63,2018,7,17
5572,3442,3019,4985,4445.541667,30.38,72.75,24.9925,29.92,2018,7,18
5464,3506,3053,4864,4391.625,29.8,73.625,25.14,30.38,2018,7,19
5450,3461,3034,4782,4360.25,29.93,72.625,22.785,29.8,2018,7,20
5653,3321,2893,5119,4467.5,31.5,61.25,24.3175,29.93,2018,7,23
5503,3557,3037,5005,4412.083333,29.73,71.5,25.1925,31.5,2018,7,24
5189,3521,3062,4564,4203.208333,28.48,74.625,19.62,29.73,2018,7,25
4505,3197,2825,4093,3763.25,26.34,68.875,14.945,28.48,2018,7,26
4350,2936,2617,3856,3566.125,25.57,65.875,20.03,26.34,2018,7,27
4832,2909,2601,4463,3906.958333,28.05,78,21.885,25.57,2018,7,30
5155,3171,2793,4641,4118.083333,28.84,74.875,23.105,28.05,2018,7,31
5475,3292,2880,4949,4343.625,30.11,70.875,25.03,28.84,2018,8,1
5614,3525,3057,5044,4485.541667,30.62,68.375,22.9875,30.11,2018,8,2
5600,3581,3091,4834,4446.166667,30.22,68.375,22.95,30.62,2018,8,3
5336,3286,2893,4442,4191.208333,28.31,78.875,19.2975,30.22,2018,8,6
4053,3101,2742,3733,3466.625,23.52,85.5,9.5475,28.31,2018,8,7
4092,2781,2555,3866,3461.375,25.18,85.25,11.2425,23.52,2018,8,8
4657,2907,2638,4359,3782.125,28,79.25,14.1075,25.18,2018,8,9
5130,3154,2804,4394,4054.541667,29.41,75.875,23.6475,28,2018,8,10
3789,2812,2439,3376,3159.083333,25.51,47.75,27.1,29.41,2018,8,17
3956,2421,2227,3773,3262.083333,24.12,73.25,15.6825,25.51,2018,8,20
4925,2815,2567,4427,3854.916667,27.78,77.125,20.335,24.12,2018,8,21
5255,3210,2859,4632,4175.875,29.65,71.625,24.5375,27.78,2018,8,22
5210,3306,2932,4625,4193.041667,28.68,78,17.62,29.65,2018,8,23
4852,3402,3015,4397,4041.041667,28.3,80.75,11.895,28.68,2018,8,24
5482,3233,2778,4537,4226.625,28.66,74,22.255,28.3,2018,8,27
4677,3233,2865,4322,3872.75,26.27,81.625,10.2975,28.66,2018,8,28
4449,3100,2740,4215,3738.041667,26.19,81.625,10.5425,26.27,2018,8,29
5123,3061,2741,4558,4047.166667,28.16,76.625,18.6975,26.19,2018,8,30
5406,3256,2856,4247,4114.5,28.02,75.875,18.0375,28.16,2018,8,31
4084,2525,2323,3860,3356.875,23.9,87.25,11.1025,28.02,2018,9,3
4484,2844,2585,4106,3661.833333,26.04,85.625,5.1675,23.9,2018,9,4
4766,3051,2680,4147,3783.875,27.29,75,20.5925,26.04,2018,9,5
4608,3001,2691,4115,3726.416667,26.65,70,14.79,27.29,2018,9,6
4487,2976,2668,4080,3700.041667,26.52,77.5,11.5375,26.65,2018,9,7
4582,2782,2513,3886,3607.5,24.5,87.5,8.485,26.52,2018,9,10
3829,2792,2534,3475,3227.166667,21.71,75.25,11.085,24.5,2018,9,11
3682,2598,2401,3398,3098.25,20.67,67.375,10.33,21.71,2018,9,12
3814,2566,2374,3612,3192.958333,21.93,75.75,16.6,20.67,2018,9,13
3803,2683,2463,3526,3221.541667,22.14,87.5,9.625,21.93,2018,9,14
4011,2616,2418,3708,3331.916667,23.56,77.75,16.3675,22.14,2018,9,18
3799,2695,2442,3528,3196.791667,22.29,65,20.2725,23.56,2018,9,19
3658,2606,2403,3377,3123.833333,19.43,81.625,5.23,22.29,2018,9,20
3518,2559,2376,3332,3056.916667,18.14,96.625,3.76,19.43,2018,9,21
3888,2643,2445,3406,3197.333333,20.85,91.375,2.8025,18.14,2018,9,25
3545,2555,2370,3341,3052.916667,18.28,86.375,7.4125,20.85,2018,9,26
3479,2522,2350,3336,3018.291667,16.35,92.125,4.2525,18.28,2018,9,27
3452,2508,2343,3290,2978.666667,19.73,72.625,20.6825,16.35,2018,9,28
4123,2460,2289,3552,3254.833333,26.03,59.125,19.7275,19.73,2018,10,1
3715,2598,2395,3459,3126.291667,21.33,57,19.6975,26.03,2018,10,2
3613,2553,2376,3414,3088.625,20.55,74,13.875,21.33,2018,10,3
3598,2571,2382,3384,3073.333333,19.94,75.75,6.3,20.55,2018,10,4
3577,2550,2387,3354,3075.708333,19.66,84.125,6.4425,19.94,2018,10,5
3741,2432,2294,3465,3118.791667,21.45,74.875,13.665,19.66,2018,10,9
3808,2574,2392,3487,3181.291667,21.61,76.625,10.855,21.45,2018,10,10
3755,2629,2438,3513,3203.458333,21.14,87.625,5.2875,21.61,2018,10,11
3634,2630,2444,3304,3096.875,19.51,72.375,8.08,21.14,2018,10,12
3516,2272,2151,3302,2945.375,17.32,79.875,6.2475,19.51,2018,10,15
3533,2495,2359,3315,3016.208333,17.3,77.5,9.38,17.32,2018,10,16
3489,2508,2360,3266,3008.25,17.55,72.75,10.9775,17.3,2018,10,17
3478,2495,2349,3281,2991.791667,16.88,71,13.4125,17.55,2018,10,18
3475,2482,2339,3262,2996,16.15,76.875,7.54,16.88,2018,10,19
3454,2269,2169,3254,2918,15.3,62.875,16.3525,16.15,2018,10,22
3563,2483,2369,3375,3046.875,14.58,76.875,6.7625,15.3,2018,10,23
3498,2536,2395,3284,3024.833333,17.56,75.375,13.0925,14.58,2018,10,24
3490,2479,2348,3276,2994.875,17.19,63.625,15.785,17.56,2018,10,25
3458,2501,2368,3241,2984.25,16.88,67.625,8.3625,17.19,2018,10,26
3460,2283,2175,3248,2918.666667,16.35,65,15.3825,16.88,2018,10,29
3478,2476,2353,3261,2984.625,16.16,58.75,14.7975,16.35,2018,10,30
3453,2489,2363,3279,2989.666667,13.69,55.625,12.55,16.16,2018,10,31
3495,2522,2394,3328,3014.416667,12.93,56.25,15.1525,13.69,2018,11,1
3459,2545,2417,3282,3011.625,13.25,60.25,15.2125,12.93,2018,11,2
3538,2304,2208,3308,2972.208333,17.79,83.625,10.0825,13.25,2018,11,5
3609,2509,2371,3359,3077.958333,17.16,93.875,2.5425,17.79,2018,11,6
3511,2534,2395,3305,3022.875,16.79,72.625,8.9425,17.16,2018,11,7
3548,2532,2395,3331,3042.75,16.19,71,10.2475,16.79,2018,11,8
3602,2531,2402,3344,3086.583333,15.71,92.375,2.41,16.19,2018,11,9
3543,2292,2204,3328,2977.625,15.45,77.125,9.23,15.71,2018,11,12
3594,2532,2388,3385,3066.916667,14.82,74.625,4.9325,15.45,2018,11,13
3542,2568,2423,3397,3030.208333,13.07,57.5,12.175,14.82,2018,11,14
3614,2587,2467,3467,3086.333333,11.35,61.625,13.55,13.07,2018,11,15
3593,2636,2497,3417,3113.375,11.95,67.375,11.6,11.35,2018,11,16
3687,2370,2276,3465,3089.625,13.48,77.375,7.09,11.95,2018,11,19
3737,2606,2472,3591,3168.875,10.89,62.375,9.8825,13.48,2018,11,20
3712,2715,2582,3556,3211.25,10.59,66.5,11.7975,10.89,2018,11,21
3824,2662,2521,3653,3291.416667,11.03,75.25,3.4125,10.59,2018,11,22
3814,2536,2423,3638,3236.416667,11.27,68.625,9.1375,11.03,2018,11,26
3709,2705,2542,3555,3216.708333,12.97,76.125,9.88,11.27,2018,11,27
3669,2726,2589,3478,3190.875,13.41,71.625,10.7175,12.97,2018,11,28
3784,2632,2514,3618,3204.916667,12.06,70.875,9.5625,13.41,2018,11,29
3684,2722,2579,3534,3208.625,10.78,60.375,11.68,12.06,2018,11,30
3851,2571,2453,3647,3264.958333,12.27,75.125,4.7675,10.78,2018,12,3
3637,2727,2568,3444,3178.958333,16.25,79,9.155,12.27,2018,12,4
3618,2643,2519,3443,3124.625,16.04,62.25,8.63,16.25,2018,12,5
4029,2661,2541,3787,3412.541667,10.42,85.125,2.16,16.04,2018,12,6
3786,2806,2634,3602,3307.666667,11.99,77.125,5.7625,10.42,2018,12,7
4452,2881,2694,4322,3748.75,4.9,55.125,7.575,11.99,2018,12,10
4608,3255,3005,4430,3971.041667,4.31,69,6.2975,4.9,2018,12,11
4614,3329,3004,4221,3880.333333,7.04,80.625,6.03,4.31,2018,12,12
4520,3203,2960,4337,3861.125,5.88,62.25,7.225,7.04,2018,12,13
4495,3286,3045,4335,3850.5,5.21,56.875,10.855,5.88,2018,12,14
4702,3158,2861,4190,3818.333333,7.24,75.875,8.2125,5.21,2018,12,17
4258,3167,2934,4146,3692.833333,7.76,59.5,11.0225,7.24,2018,12,18
4223,3207,2972,4113,3709.208333,7.2,58.75,10.175,7.76,2018,12,19
4272,3166,2942,4069,3686.75,7.63,63.5,9.435,7.2,2018,12,20
4112,3149,2942,3966,3627.541667,7.44,63.75,10.565,7.63,2018,12,21
4314,3133,2908,4221,3755.875,4.49,56.375,10.0425,7.44,2018,12,25
4518,3256,2984,4060,3763.083333,6.28,61.25,7.725,4.49,2018,12,26
4084,3054,2831,3884,3515.833333,7.84,54.25,9.71,6.28,2018,12,27
3793,2853,2617,3751,3247.833333,3.75,55.5,11.5975,7.84,2019,1,4
4422,3055,2807,4356,3786.541667,4.06,49.375,11.3625,3.75,2019,1,7
4542,3322,3046,4403,3930.375,4.2,58,10.3225,4.06,2019,1,8
4701,3314,3023,4638,3979.791667,4.04,43.875,11.435,4.2,2019,1,9
4918,3524,3224,4828,4269.75,1.62,50.375,7.285,4.04,2019,1,10
4471,3637,3261,4349,3956.666667,5.56,49.25,11.9675,1.62,2019,1,11
4777,3231,3017,4516,4059.833333,3.94,70.875,6.7975,5.56,2019,1,15
4501,3318,3055,4384,3887.125,6.1,50.75,11.305,3.94,2019,1,16
4364,3275,3013,4272,3817.333333,6.01,46.875,12.3675,6.1,2019,1,17
4479,3282,3041,4386,3885,5.04,39.125,12.9325,6.01,2019,1,18
4456,2948,2803,4376,3774.791667,5.15,40,13.3325,5.04,2019,1,21
4511,3370,3098,4426,3920.666667,4.14,49.375,11.9925,5.15,2019,1,22
4426,3381,3070,4271,3847.875,5.26,52.375,12.5875,4.14,2019,1,23
4573,3227,2997,4481,3872.916667,5.41,39.875,13.06,5.26,2019,1,24
4472,3405,3098,4342,3942.166667,4.24,47,11.03,5.41,2019,1,25
4780,3210,2959,4359,3938.416667,4.84,49.875,10.7925,4.24,2019,1,28
4598,3280,3004,4496,3913.125,5.33,38.25,13.805,4.84,2019,1,29
4533,3400,3146,4362,3938.708333,4.15,54.25,12.67,5.33,2019,1,30
4838,3340,3078,4445,4049.125,4.42,70.625,5.83,4.15,2019,1,31
4627,3450,3145,4546,4010.333333,3.59,50,14.575,4.42,2019,2,1
3920,2752,2604,3854,3333.666667,11.39,51.875,14.655,3.59,2019,2,4
4346,3027,2845,4231,3742.416667,6.18,52.625,7.295,11.39,2019,2,5
4557,3138,2905,4306,3898.208333,5.91,79.5,2.4525,6.18,2019,2,6
4309,3237,2993,3915,3646.791667,8.59,71.125,11.2625,5.91,2019,2,7
4520,2968,2839,4429,3829.125,5.26,41.625,9.9275,8.59,2019,2,8
4520,3317,3058,4426,3916,5.03,52.625,14.8925,5.26,2019,2,12
4737,3346,3051,4439,3986.291667,4.57,53.875,11.6,5.03,2019,2,13
4663,3336,3073,4600,4006.916667,3.63,41.875,13.19,4.57,2019,2,14
4868,3502,3187,4559,4165.5,2.87,57.875,9.7525,3.63,2019,2,15
4111,3053,2857,4018,3597.916667,6.67,48.125,17.12,2.87,2019,2,18
4314,3062,2840,4108,3726.083333,7.83,72.75,4.2375,6.67,2019,2,19
3760,2998,2804,3652,3363.208333,11.48,75.125,13.9425,7.83,2019,2,20
3957,2812,2703,3880,3416.25,9.48,50.875,16.7625,11.48,2019,2,21
3913,2999,2850,3748,3447.291667,8.46,58.875,15.42,9.48,2019,2,22
3951,2706,2574,3634,3315.416667,10.92,63.625,13.48,8.46,2019,2,25
3936,2774,2631,3854,3390.333333,9.61,55.25,11.735,10.92,2019,2,26
4082,2925,2774,3972,3560.75,7.31,51,8.4475,9.61,2019,2,27
4339,2950,2766,4130,3730.458333,7.07,87,1.9325,7.31,2019,2,28
4046,2977,2761,3825,3477.125,8.98,75,13.025,7.07,2019,3,1
4303,2778,2614,4155,3664.708333,7.96,92,3.305,8.98,2019,3,4
3870,3062,2822,3811,3417.708333,9.6,67.25,18.71,7.96,2019,3,5
4001,2870,2689,3758,3424.708333,10.73,75.75,9.22,9.6,2019,3,6
4139,2826,2677,4038,3554.791667,8.53,83.5,6.6575,10.73,2019,3,7
4037,3063,2868,3988,3526.5,6.72,46.625,19.56,8.53,2019,3,8
3807,2537,2457,3582,3215.208333,11.69,72.125,10.315,6.72,2019,3,11
3591,2763,2646,3518,3189.083333,11.35,52.5,19.19,11.69,2019,3,12
3674,2728,2612,3642,3194.833333,10.23,48.625,19.035,11.35,2019,3,13
3891,2897,2773,3834,3371.666667,7.63,36.75,20.125,10.23,2019,3,14
3761,2961,2817,3679,3346.75,8.39,47.5,19.8425,7.63,2019,3,15
3800,2685,2578,3714,3262.291667,8.72,48.375,21.92,8.39,2019,3,18
3586,2790,2653,3501,3183.916667,12.01,51.125,16.475,8.72,2019,3,19
3406,2692,2579,3321,3051.375,13.74,47.125,21.5975,12.01,2019,3,20
3690,2716,2590,3612,3231.375,9.23,49.125,20.4025,13.74,2019,3,25
3772,2724,2588,3550,3221.541667,11.22,56.25,16.0075,9.23,2019,3,26
3440,2745,2619,3379,3092.541667,13.48,37.625,21.0425,11.22,2019,3,27
3568,2617,2489,3509,3081.958333,12.79,43.75,16.1,13.48,2019,3,28
3843,2733,2594,3747,3345.541667,7.77,51,13.0225,12.79,2019,3,29
3831,2581,2480,3777,3230.625,8,57.75,17.91,7.77,2019,4,1
3936,2925,2762,3930,3404.958333,6.93,49.125,21.505,8,2019,4,2
3865,3035,2836,3854,3415.083333,6.99,40.875,22.535,6.93,2019,4,3
3619,2988,2814,3592,3262.541667,9.83,43,24.83,6.99,2019,4,4
3414,2768,2649,3316,3076.708333,14.32,42.375,23.895,9.83,2019,4,5
3774,2315,2252,3696,3173.125,9.89,67.25,9.0025,14.32,2019,4,8
3619,2810,2673,3606,3190.833333,10.14,45.875,23.0625,9.89,2019,4,9
4313,2783,2632,4239,3669.916667,5.16,85.625,2.5175,10.14,2019,4,10
3813,3079,2805,3784,3348.5,9.75,59.375,23.405,5.16,2019,4,11
3809,2857,2696,3748,3358.583333,8.75,53.25,12.885,9.75,2019,4,12
3353,2387,2299,3326,2917.75,15.17,53,25.135,8.75,2019,4,15
3358,2579,2477,3318,2982.541667,14.26,45.75,27.115,15.17,2019,4,16
3393,2545,2440,3325,2982.5,14.5,62.375,12.8,14.26,2019,4,17
3324,2528,2419,3266,2953.458333,16.66,60.5,24.5925,14.5,2019,4,18
3365,2509,2410,3222,2959.041667,17.51,62.5,20.6475,16.66,2019,4,19
3400,2276,2194,3265,2904.875,19.03,64.875,21.1825,17.51,2019,4,22
3342,2470,2359,3256,2935.083333,18.67,56.25,23.12,19.03,2019,4,23
3367,2471,2354,3268,2960.041667,18.3,81.375,5.185,18.67,2019,4,24
3437,2468,2359,3323,3001.958333,20.42,85,16.1175,18.3,2019,4,25
3396,2497,2342,3274,2960.958333,12.89,87.75,7.3675,20.42,2019,4,26
3216,2199,2106,3203,2785.75,14.58,52.625,22.2575,12.89,2019,5,7
3269,2450,2347,3225,2890.708333,15.67,44.625,29.1,14.58,2019,5,8
3332,2432,2311,3238,2885.5,17.82,52.5,17.515,15.67,2019,5,9
3416,2442,2320,3207,2920.25,19.75,47.875,26.8525,17.82,2019,5,10
3354,2226,2124,3242,2860.041667,17.73,65,22.53,19.75,2019,5,13
3431,2453,2320,3261,2960.083333,17.64,80.75,6.9975,17.73,2019,5,14
3399,2469,2341,3236,2942.708333,18.54,71.5,21.6325,17.64,2019,5,15
3443,2452,2313,3286,2964,19.49,65.5,21.7,18.54,2019,5,16
3498,2464,2319,3240,2967.541667,19.88,64.125,23.5725,19.49,2019,5,17
3437,2290,2187,3275,2921.208333,19.88,68.875,18.1625,19.88,2019,5,20
3606,2499,2360,3324,3046.75,19.13,90.125,6.18,19.88,2019,5,21
3416,2474,2325,3231,2926,19.25,61.125,25.085,19.13,2019,5,22
3489,2434,2291,3299,2962.541667,20.56,50.875,28.345,19.25,2019,5,23
3652,2462,2315,3357,3037.916667,22.06,50.375,29.225,20.56,2019,5,24
4229,2409,2242,3732,3307.583333,25.67,54.375,27.37,22.06,2019,5,27
3832,2663,2463,3437,3173.25,23.18,62.375,10.54,25.67,2019,5,28
3622,2560,2396,3333,3069,20.38,73.5,16.4025,23.18,2019,5,29
3605,2504,2346,3354,3040.625,20.75,54.875,29.4425,20.38,2019,5,30
3550,2533,2364,3296,3025.125,20.91,69.75,9.7625,20.75,2019,5,31
3673,2308,2179,3398,3024.333333,22.3,68.375,24.535,20.91,2019,6,3
3778,2529,2363,3463,3137.125,22.52,69.625,22.7025,22.3,2019,6,4
3658,2579,2394,3470,3123.958333,22.38,72.875,14.54,22.52,2019,6,5
4136,2599,2400,3719,3331.333333,24.77,64.875,27.0275,22.38,2019,6,6
3811,2706,2484,3356,3175.541667,20.27,88.5,3.055,24.77,2019,6,7
3456,2292,2163,3272,2947.916667,16.65,93.375,4.8975,20.27,2019,6,10
3372,2477,2320,3250,2947.083333,18.34,74.5,18.885,16.65,2019,6,11
3390,2480,2335,3263,2955.666667,18.18,74.5,14.025,18.34,2019,6,12
3572,2473,2334,3353,3027.125,20.9,67.375,29.9675,18.18,2019,6,13
3677,2527,2368,3320,3058.083333,21.91,68.5,20.88,20.9,2019,6,14
3608,2323,2185,3399,3000.833333,22.66,50.125,25.5675,21.91,2019,6,17
3799,2552,2381,3482,3155.458333,22.53,66.625,23.09,22.66,2019,6,18
3919,2595,2410,3573,3234.625,23.24,71.875,24.165,22.53,2019,6,19
3953,2649,2447,3610,3266.958333,23.64,74.375,22.4075,23.24,2019,6,20
4048,2685,2476,3569,3307.75,23.62,78.5,15.6875,23.64,2019,6,21
3505,2359,2206,3330,2986.791667,19.46,90.625,7.295,23.62,2019,6,24
3755,2507,2338,3478,3130.625,22.35,75.375,25.1525,19.46,2019,6,25
3965,2618,2414,3607,3267.875,24.38,70.75,27.4175,22.35,2019,6,26
4136,2694,2478,3755,3381.25,25.14,77.375,12.3275,24.38,2019,6,27
4186,2839,2580,3800,3463.666667,25.25,82.625,12.2675,25.14,2019,6,28
3817,2476,2291,3568,3184.708333,23.32,91,7.49,25.25,2019,7,1
3982,2688,2472,3703,3323.208333,24.32,85.5,12.0075,23.32,2019,7,2
4104,2751,2512,3685,3355.625,24.55,80.25,10.5,24.32,2019,7,3
3940,2790,2550,3486,3268.083333,22.45,91.75,6.565,24.55,2019,7,4
3711,2632,2423,3383,3118.958333,21.92,82,9.1025,22.45,2019,7,5
3496,2339,2206,3302,2963.708333,21.04,74.75,14.22,21.92,2019,7,8
3473,2531,2357,3273,2994.291667,19.64,79.5,6.1725,21.04,2019,7,9
3536,2521,2350,3322,3033.125,21.06,73.75,14.1675,19.64,2019,7,10
3660,2535,2361,3322,3061.541667,20.12,79.625,8.01,21.06,2019,7,11
3664,2543,2381,3328,3084.791667,20.6,91.625,9.37,20.12,2019,7,12
4019,2599,2419,3667,3312,24.18,84.375,20.4175,20.6,2019,7,17
4206,2738,2505,3855,3452.416667,24.84,87.125,10.385,24.18,2019,7,18
4519,2891,2606,4036,3635.791667,26.2,84.625,14.31,24.84,2019,7,19
3955,2582,2371,3625,3269.208333,23.35,92.5,5.98,26.2,2019,7,22
4235,2730,2501,3925,3483.083333,25.18,89.125,14.4225,23.35,2019,7,23
4525,2905,2601,4079,3673.5,26.79,82.5,19.48,25.18,2019,7,24
4801,2986,2657,4280,3834.791667,27.81,78.75,19.2125,26.79,2019,7,25
4817,3071,2707,4198,3856.958333,28.35,73.25,20.8925,27.81,2019,7,26
5173,2895,2575,4477,3994.583333,28.66,79.75,19.5075,28.35,2019,7,29
5251,3186,2804,4678,4153.166667,29.37,77.375,24.5975,28.66,2019,7,30
5340,3292,2919,4755,4270.5,29.79,77.875,23.2675,29.37,2019,7,31
5478,3407,2975,4845,4361.708333,29.89,77.25,20.8025,29.79,2019,8,1
5509,3460,3017,4756,4368,29.97,76.375,21.535,29.89,2019,8,2
5328,3073,2723,4851,4219.5,29.68,72.25,25.745,29.97,2019,8,5
5468,3428,3023,4823,4362.833333,30.15,73,23.205,29.68,2019,8,6
5543,3405,2971,4739,4330.791667,29.93,72.5,23.125,30.15,2019,8,7
5459,3406,3001,4744,4323.291667,29.92,72.5,22.2,29.93,2019,8,8
5375,3382,2965,4526,4238.583333,29.98,70.375,24.89,29.92,2019,8,9
4814,2974,2647,4323,3886.541667,27.77,79.75,14.7625,29.98,2019,8,19
4738,3095,2754,4114,3809.666667,26.31,86.5,8.655,27.77,2019,8,20
4713,2979,2665,4126,3793.125,26.8,81.875,14.3725,26.31,2019,8,21
4438,3061,2693,4146,3698.791667,26.08,85.375,8.5475,26.8,2019,8,22
4375,3068,2743,3948,3670.416667,26.23,85.375,8.5175,26.08,2019,8,23
4251,2671,2417,3821,3439.75,25,74.5,17.75,26.23,2019,8,26
4350,2828,2556,3961,3539.708333,25.06,80.375,13.3625,25,2019,8,27
4268,2892,2625,3874,3529.208333,24.95,87.625,6.6825,25.06,2019,8,28
4869,2959,2677,4365,3882.583333,27.94,76.875,16.48,24.95,2019,8,29
4230,3122,2767,3870,3602.333333,25.59,86,4.5775,27.94,2019,8,30
4830,2764,2505,4302,3794.708333,26.99,76,14.9425,25.59,2019,9,2
4359,3082,2747,3924,3652.875,25.61,81.625,10.3975,26.99,2019,9,3
3973,2823,2559,3661,3372.916667,23.91,82,8.1725,25.61,2019,9,4
4258,2763,2528,3992,3516.833333,25.42,77.375,12.045,23.91,2019,9,5
4916,2930,2637,4334,3872.041667,27.54,75.75,20.8575,25.42,2019,9,6
5149,2940,2640,4460,3923.75,28.88,76.125,15.6825,27.54,2019,9,9
5390,3150,2788,4632,4174.208333,29,74.375,20.9775,28.88,2019,9,10
5158,3195,2802,4323,3999.541667,27.17,84.625,14.98,29,2019,9,11
4351,3054,2684,3706,3537.208333,25.07,67.75,17.3425,27.17,2019,9,12
3765,2723,2487,3380,3176.291667,21.95,68.875,4.4275,25.07,2019,9,13
4456,2659,2453,3797,3519.791667,26.05,73.125,17.2825,21.95,2019,9,17
3891,2761,2493,3395,3208.041667,21.8,81,8.2975,26.05,2019,9,18
3788,2538,2347,3472,3149.625,22.13,68.25,19.5425,21.8,2019,9,19
3775,2570,2360,3441,3155.458333,22.35,62.375,17.5525,22.13,2019,9,20
4244,2731,2490,3752,3443.791667,25.06,73.5,12.3225,22.35,2019,9,24
4054,2729,2489,3606,3324.958333,23.79,64.875,18.65,25.06,2019,9,25
3897,2619,2411,3521,3216.625,21.96,69.625,17.685,23.79,2019,9,26
3987,2603,2403,3528,3246.833333,22.75,72.375,17.84,21.96,2019,9,27
4089,2531,2319,3602,3296.208333,24.79,70.125,16.6475,22.75,2019,9,30
4198,2643,2431,3684,3356.875,24,67.75,18.6975,24.79,2019,10,1
4197,2663,2437,3640,3346.916667,23.46,70,17.9225,24,2019,10,2
4029,2655,2447,3630,3318.125,23.55,72.5,11.185,23.46,2019,10,3
4219,2726,2506,3664,3401.791667,24.42,73.875,9.6025,23.55,2019,10,4
3601,2311,2170,3346,3001.166667,19.94,76.125,13.07,24.42,2019,10,7
3732,2546,2364,3451,3144.5,21.11,85,9.6325,19.94,2019,10,8
3526,2565,2362,3279,3018.375,20.05,55.5,18.9625,21.11,2019,10,9
3565,2475,2312,3322,3015.208333,19.29,68.375,16.8425,20.05,2019,10,10
3578,2519,2356,3301,3062.625,20.19,91.875,5.655,19.29,2019,10,11
3451,2366,2242,3234,2940.833333,17.83,77.375,9.3425,20.19,2019,10,15
3408,2456,2296,3227,2935.5,15.68,71,7.93,17.83,2019,10,16
3483,2455,2299,3281,2968.75,16.27,80.75,10.72,15.68,2019,10,17
3461,2487,2335,3235,2997.541667,16.57,85.375,4.0775,16.27,2019,10,18
3301,2249,2140,3096,2801.083333,18.33,74.75,6.3075,16.57,2019,10,21
3461,2398,2269,3243,2945.25,18.31,75,15.3875,18.33,2019,10,23
3493,2468,2320,3273,2980.875,17.79,77.125,4.0375,18.31,2019,10,24
3650,2501,2360,3337,3103.708333,15.48,93.25,1.2625,17.79,2019,10,25
3407,2258,2148,3212,2871.958333,16.6,69.125,14.3425,15.48,2019,10,28
3560,2466,2332,3335,3049.166667,14.41,91.625,1.77,16.6,2019,10,29
3442,2526,2383,3244,2985.125,16.05,81,13.4,14.41,2019,10,30
3450,2481,2353,3256,2974.791667,16.22,78.5,12.3775,16.05,2019,10,31
3393,2492,2348,3184,2940.958333,16.42,68.625,14.7425,16.22,2019,11,1
3458,2546,2428,3307,3005.958333,13.52,64.125,14.505,16.42,2019,11,6
3504,2527,2396,3302,3020.375,14.45,65.75,11.585,13.52,2019,11,7
3447,2532,2403,3263,2991.125,13.85,58.75,13.89,14.45,2019,11,8
3573,2322,2230,3387,3028.666667,12.98,84.875,7.5625,13.85,2019,11,11
3498,2573,2444,3343,3039.375,14.3,63.25,13.12,12.98,2019,11,12
3614,2561,2429,3438,3107.666667,13.1,65,7.955,14.3,2019,11,13
3514,2575,2438,3361,3065,15.05,63,10.9325,13.1,2019,11,14
3513,2590,2464,3359,3064.708333,11.62,64.5,13.04,15.05,2019,11,15
3537,2413,2313,3347,3040.791667,14.61,69.75,10.055,11.62,2019,11,18
3508,2568,2441,3325,3037.916667,15.47,68.375,10.8675,14.61,2019,11,19
3714,2578,2472,3584,3148.458333,10.6,46.875,12.58,15.47,2019,11,20
3732,2703,2565,3615,3220.375,9.73,54.375,12.615,10.6,2019,11,21
4181,2744,2612,3894,3543.833333,7.91,86.75,1.86,9.73,2019,11,22
3564,2384,2292,3354,3045.25,16.55,78.625,7.705,7.91,2019,11,25
4086,2603,2497,3882,3450.625,8.91,78,3.0825,16.55,2019,11,26
4067,2837,2655,3827,3492.458333,9.6,85.125,5.09,8.91,2019,11,27
4291,2786,2610,4098,3601.291667,8.74,71.125,2.3075,9.6,2019,11,28
4179,3086,2879,4093,3645.416667,5.34,55.25,11.6275,8.74,2019,11,29
4182,2746,2564,3914,3555.25,10.41,87.875,2.8525,5.34,2019,12,2
3860,2856,2687,3754,3366.375,11.18,58.625,10.465,10.41,2019,12,3
3917,2895,2742,3824,3434.833333,8.91,55.625,11.43,11.18,2019,12,4
4033,2944,2777,3904,3509.208333,8.27,55.25,11.3375,8.91,2019,12,5
4257,2955,2780,4065,3671.416667,7.02,53.75,6.82,8.27,2019,12,6
4482,2891,2742,4263,3807.916667,6.02,68.5,5.66,7.02,2019,12,9
4188,3085,2851,3886,3597,10.41,81.375,7.1725,6.02,2019,12,10
3936,2879,2714,3747,3429.583333,11.53,81.75,7.0725,10.41,2019,12,11
3905,2812,2674,3836,3382.083333,10.99,59.5,9.9475,11.53,2019,12,12
4297,2972,2800,4073,3712.083333,6.37,56.375,6.2525,10.99,2019,12,13
4197,2891,2740,4044,3606.833333,6.48,64.625,10.825,6.37,2019,12,16
4378,2996,2795,4031,3706.125,8.39,86.25,2.36,6.48,2019,12,17
3991,2947,2751,3796,3467.791667,10.98,75.625,6.445,8.39,2019,12,18
4285,2899,2722,4058,3665.041667,8.6,73.25,3.495,10.98,2019,12,19
3894,2982,2768,3749,3437.875,9.9,64.875,9.42,8.6,2019,12,20
4360,2947,2770,4064,3661.916667,6.45,83.75,9.4575,9.9,2019,12,23
4237,3078,2832,4130,3658.458333,6.84,60.125,10.3925,6.45,2019,12,24
4437,3171,2911,4161,3787.583333,5.23,61.5,7.1075,6.84,2019,12,25
4392,3180,2867,3933,3686.375,7.49,72.75,3.18,5.23,2019,12,26
4201,2900,2674,4077,3609.25,5.69,54.375,11.2175,7.49,2020,1,6
4501,3054,2843,4335,3869.5,5.12,72.25,4.595,5.69,2020,1,7
4653,3174,2882,4263,3883.583333,6.54,89.75,4.72,5.12,2020,1,8
4090,3108,2823,3994,3563.75,9.97,51.25,11.2775,6.54,2020,1,9
4127,3009,2817,4022,3611.666667,7.56,59.375,10.6975,9.97,2020,1,10
4131,2857,2717,4007,3581.166667,7.52,69.75,9.705,7.56,2020,1,14
4414,2975,2792,4187,3733.875,6.79,78.75,6.985,7.52,2020,1,15
4332,3179,2939,4241,3789.291667,5.48,58,10.61,6.79,2020,1,16
4559,3199,2940,4127,3795.875,6.29,60.25,8.855,5.48,2020,1,17
4240,2932,2788,4061,3630.083333,6.76,63.125,12.2675,6.29,2020,1,20
4362,3120,2915,4288,3733.375,6.16,50.75,12.385,6.76,2020,1,21
4735,3278,3026,4385,3985.416667,4.45,59.875,7.85,6.16,2020,1,22
4727,3229,2956,4324,3967.125,6.23,84.25,3.3275,4.45,2020,1,23
4222,3107,2861,3877,3604.791667,9.33,75.625,9.6675,6.23,2020,1,24
4764,3039,2804,4507,4024.541667,4.43,69,2.7025,9.33,2020,1,27
5042,3436,3155,4463,4186.333333,5.18,94,2.6125,4.43,2020,1,28
4085,3190,2910,3692,3472.583333,11.74,79.25,11.485,5.18,2020,1,29
3777,2847,2694,3705,3337.791667,10.77,60.75,12.7175,11.74,2020,1,30
4151,2877,2733,4071,3553.083333,7.18,49.25,11.8125,10.77,2020,1,31
4056,2790,2645,3861,3471.5,8.26,56.625,11.845,7.18,2020,2,3
4165,2955,2806,4065,3599.375,7.1,56.25,11.695,8.26,2020,2,4
4151,3090,2897,4130,3626.625,6.45,53.375,13.5825,7.1,2020,2,5
4852,3261,3035,4772,4033.041667,2.13,36.875,14.32,6.45,2020,2,6
4756,3646,3310,4464,4109.5,1.64,50.375,14.6025,2.13,2020,2,7
4630,3198,2955,4286,3852.958333,3.64,50.75,13.85,1.64,2020,2,10
4303,3177,2964,3977,3667.375,7.4,54.375,14.705,3.64,2020,2,12
4122,2942,2734,3609,3392.333333,11.94,69.5,12.9725,7.4,2020,2,13
3831,2802,2672,3626,3349.708333,11.32,76.125,8.125,11.94,2020,2,14
3919,2637,2509,3815,3325.916667,10.02,72.5,11.475,11.32,2020,2,17
4096,2930,2779,4037,3517,6.56,43.625,15.795,10.02,2020,2,18
4010,3108,2889,3966,3552.5,6.48,51.375,16.92,6.56,2020,2,19
4016,3018,2826,3911,3543.541667,7.97,62.375,12.1775,6.48,2020,2,20
3807,2916,2742,3721,3374.5,9.06,62.625,16.685,7.97,2020,2,21
3913,2730,2624,3804,3417.583333,9.06,67,7.16,9.06,2020,2,25
4205,2831,2669,4007,3591.458333,7.95,81.75,3.24,9.06,2020,2,26
4246,2965,2798,4197,3589.583333,6.08,53.375,16.8475,7.95,2020,2,27
4052,3245,2979,3943,3621.458333,5.92,51.5,17.7625,6.08,2020,2,28
4162,2517,2435,3997,3517.708333,7.93,86.25,4.3175,5.92,2020,3,2
3755,2912,2755,3625,3306.666667,10.57,61.5,18.465,7.93,2020,3,3
4124,2769,2625,3892,3513.916667,8.97,82,3.8975,10.57,2020,3,4
4027,2847,2688,3956,3439.541667,8.64,53.875,16.2475,8.97,2020,3,5
3819,3028,2834,3755,3404.458333,7.94,41.625,20.3375,8.64,2020,3,6
3838,2695,2537,3443,3202.291667,13.18,74.75,17.1925,7.94,2020,3,9
3728,2627,2499,3503,3213.75,14.21,94.125,2.275,13.18,2020,3,10
3370,2600,2477,3292,2970.75,15.08,52.5,20.3675,14.21,2020,3,11
3586,2624,2532,3502,3119.25,10.56,48.25,21.065,15.08,2020,3,12
3529,2684,2567,3383,3111.458333,11.91,60.875,16.3575,10.56,2020,3,13
4161,2691,2573,4118,3451.458333,6.48,53.625,18.4475,11.91,2020,3,16
4016,3132,2904,3881,3519.833333,6.85,48.75,20.825,6.48,2020,3,17
3543,2924,2749,3474,3205.958333,11.64,51.875,21.7975,6.85,2020,3,18
3449,2708,2583,3305,3071.291667,13.72,62.75,21.3925,11.64,2020,3,19
3689,2286,2222,3607,3089.25,10.31,52.25,15.4325,13.72,2020,3,23
3854,2705,2583,3811,3282.166667,7.46,46.125,20.985,10.31,2020,3,24
3624,2915,2751,3583,3243.541667,8.72,48.125,23.5225,7.46,2020,3,25
3465,2745,2592,3322,3072.875,12.42,50.125,22.2425,8.72,2020,3,26
3431,2584,2464,3259,3017.833333,15.05,66.75,13.15,12.42,2020,3,27
4120,2776,2588,3863,3474.291667,7.31,71.125,10.8325,15.05,2020,3,30
3901,2796,2605,3750,3371.166667,9.56,79.875,6.9725,7.31,2020,3,31
